{
  "空间": {
    "-1": {
      "precision": 0.24382716049382716,
      "recall": 0.09018264840182648,
      "f1-score": 0.13166666666666665,
      "support": 876
    },
    "0": {
      "precision": 0.1038961038961039,
      "recall": 0.07256235827664399,
      "f1-score": 0.08544726301735647,
      "support": 441
    },
    "1": {
      "precision": 0.86905311778291,
      "recall": 0.9436990595611285,
      "f1-score": 0.9048391944694921,
      "support": 7975
    },
    "accuracy": 0.8218897976754197,
    "macro avg": {
      "precision": 0.405592127390947,
      "recall": 0.36881468874653295,
      "f1-score": 0.3739843747178384,
      "support": 9292
    },
    "weighted avg": {
      "precision": 0.7737956724848775,
      "recall": 0.8218897976754197,
      "f1-score": 0.7930601397852834,
      "support": 9292
    }
  },
  "动力": {
    "-1": {
      "precision": 0.44360902255639095,
      "recall": 0.10034013605442177,
      "f1-score": 0.1636615811373093,
      "support": 588
    },
    "0": {
      "precision": 0.04905660377358491,
      "recall": 0.04513888888888889,
      "f1-score": 0.04701627486437614,
      "support": 288
    },
    "1": {
      "precision": 0.9143772893772893,
      "recall": 0.9673044320658755,
      "f1-score": 0.9400965046486995,
      "support": 8258
    },
    "accuracy": 0.8824173417998686,
    "macro avg": {
      "precision": 0.4690143052357551,
      "recall": 0.37092781900306204,
      "f1-score": 0.3835914535501283,
      "support": 9134
    },
    "weighted avg": {
      "precision": 0.8567876136224661,
      "recall": 0.8824173417998686,
      "f1-score": 0.8619543061373592,
      "support": 9134
    }
  },
  "操控": {
    "-1": {
      "precision": 0.3,
      "recall": 0.04329004329004329,
      "f1-score": 0.07566204287515763,
      "support": 693
    },
    "0": {
      "precision": 0.03508771929824561,
      "recall": 0.04678362573099415,
      "f1-score": 0.040100250626566414,
      "support": 171
    },
    "1": {
      "precision": 0.9134732866822171,
      "recall": 0.9713003425062006,
      "f1-score": 0.9414997137950772,
      "support": 8467
    },
    "accuracy": 0.8854356446254421,
    "macro avg": {
      "precision": 0.4161870019934875,
      "recall": 0.353791337175746,
      "f1-score": 0.35242066909893377,
      "support": 9331
    },
    "weighted avg": {
      "precision": 0.8518142019438787,
      "recall": 0.8854356446254421,
      "f1-score": 0.8606761349557973,
      "support": 9331
    }
  },
  "能耗": {
    "-1": {
      "precision": 0.30985915492957744,
      "recall": 0.03747870528109029,
      "f1-score": 0.06686930091185411,
      "support": 1174
    },
    "0": {
      "precision": 0.08917197452229299,
      "recall": 0.06140350877192982,
      "f1-score": 0.07272727272727271,
      "support": 456
    },
    "1": {
      "precision": 0.7714108719219451,
      "recall": 0.9428355101268219,
      "f1-score": 0.8485519591141396,
      "support": 5283
    },
    "accuracy": 0.7309417040358744,
    "macro avg": {
      "precision": 0.3901473337912718,
      "recall": 0.3472392413932807,
      "f1-score": 0.3293828442510888,
      "support": 6913
    },
    "weighted avg": {
      "precision": 0.6480255612083214,
      "recall": 0.7309417040358744,
      "f1-score": 0.6646272523700495,
      "support": 6913
    }
  },
  "舒适性": {
    "-1": {
      "precision": 0.7782805429864253,
      "recall": 0.19418571831780976,
      "f1-score": 0.3108199683758753,
      "support": 3543
    },
    "0": {
      "precision": 0.11976047904191617,
      "recall": 0.12958963282937366,
      "f1-score": 0.12448132780082988,
      "support": 463
    },
    "1": {
      "precision": 0.5595706078016329,
      "recall": 0.9268720260455797,
      "f1-score": 0.6978410483642876,
      "support": 3993
    },
    "accuracy": 0.5561945243155394,
    "macro avg": {
      "precision": 0.48587054327665813,
      "recall": 0.41688245906425436,
      "f1-score": 0.3777141148469976,
      "support": 7999
    },
    "weighted avg": {
      "precision": 0.6309866861544233,
      "recall": 0.5561945243155394,
      "f1-score": 0.4932303173954383,
      "support": 7999
    }
  },
  "外观": {
    "-1": {
      "precision": 0.2920353982300885,
      "recall": 0.05555555555555555,
      "f1-score": 0.09335219236209334,
      "support": 594
    },
    "0": {
      "precision": 0.037914691943127965,
      "recall": 0.037914691943127965,
      "f1-score": 0.037914691943127965,
      "support": 211
    },
    "1": {
      "precision": 0.9244133574007221,
      "recall": 0.9774543719432184,
      "f1-score": 0.9501942366788427,
      "support": 8383
    },
    "accuracy": 0.8962777535916413,
    "macro avg": {
      "precision": 0.4181211491913128,
      "recall": 0.35697487314730064,
      "f1-score": 0.36048704032802137,
      "support": 9188
    },
    "weighted avg": {
      "precision": 0.8631722030516897,
      "recall": 0.8962777535916413,
      "f1-score": 0.8738495307294103,
      "support": 9188
    }
  },
  "内饰": {
    "-1": {
      "precision": 0.8014440433212996,
      "recall": 0.14359637774902975,
      "f1-score": 0.24355458036204058,
      "support": 3092
    },
    "0": {
      "precision": 0.061611374407582936,
      "recall": 0.05148514851485148,
      "f1-score": 0.05609492988133765,
      "support": 505
    },
    "1": {
      "precision": 0.5320730328001293,
      "recall": 0.9229260089686099,
      "f1-score": 0.6750025622629908,
      "support": 3568
    },
    "accuracy": 0.525191905094208,
    "macro avg": {
      "precision": 0.4650428168430039,
      "recall": 0.3726691784108304,
      "f1-score": 0.32488402416878964,
      "support": 7165
    },
    "weighted avg": {
      "precision": 0.6151591496240263,
      "recall": 0.525191905094208,
      "f1-score": 0.44519299989167566,
      "support": 7165
    }
  },
  "性价比": {
    "-1": {
      "precision": 0.3465909090909091,
      "recall": 0.056691449814126396,
      "f1-score": 0.09744408945686903,
      "support": 1076
    },
    "0": {
      "precision": 0.1746031746031746,
      "recall": 0.14588859416445624,
      "f1-score": 0.1589595375722543,
      "support": 377
    },
    "1": {
      "precision": 0.7658902487169365,
      "recall": 0.9454191033138402,
      "f1-score": 0.846237731733915,
      "support": 4104
    },
    "accuracy": 0.7190930358106892,
    "macro avg": {
      "precision": 0.42902811080367337,
      "recall": 0.3826663824308076,
      "f1-score": 0.36754711958767944,
      "support": 5557
    },
    "weighted avg": {
      "precision": 0.6445871505743247,
      "recall": 0.7190930358106892,
      "f1-score": 0.6546225008019289,
      "support": 5557
    }
  },
  "配置": {
    "-1": {
      "precision": 0.9052631578947369,
      "recall": 0.14321398834304747,
      "f1-score": 0.24730409777138748,
      "support": 2402
    },
    "0": {
      "precision": 0.03162055335968379,
      "recall": 0.07547169811320754,
      "f1-score": 0.04456824512534819,
      "support": 106
    },
    "1": {
      "precision": 0.44285714285714284,
      "recall": 0.9327433628318584,
      "f1-score": 0.6005698005698006,
      "support": 1695
    },
    "accuracy": 0.4599095883892458,
    "macro avg": {
      "precision": 0.4599136180371879,
      "recall": 0.3838096830960378,
      "f1-score": 0.29748071448884544,
      "support": 4203
    },
    "weighted avg": {
      "precision": 0.6967491651349373,
      "recall": 0.4599095883892458,
      "f1-score": 0.38465726595193234,
      "support": 4203
    }
  },
  "续航": {
    "-1": {
      "precision": 0.0,
      "recall": 0.0,
      "f1-score": 0.0,
      "support": 35
    },
    "0": {
      "precision": 0.0,
      "recall": 0.0,
      "f1-score": 0.0,
      "support": 0
    },
    "1": {
      "precision": 0.85,
      "recall": 0.6296296296296297,
      "f1-score": 0.723404255319149,
      "support": 54
    },
    "accuracy": 0.38202247191011235,
    "macro avg": {
      "precision": 0.2833333333333333,